id,bandit_lrPosC,bandit_lrPosU,bandit_lrNegC,bandit_lrNegU,bandit_tau,effort_thetaI,effort_thetaR,effort_thetaE,gamble_rho_g,gamble_rho_l,gamble_lambda,gamble_tau,explore_theta_V,explore_theta_RU,rbias_alpha,rbias_initV,rbias_reward_sensitivity,rbias_instruction_sensitivity
1,0.337919190875,0.432176104625,0.70374713925,0.11353038799087575,0.42666164125,5.52910785776675,4.0199080812,-0.00256348092755,0.99847720225,1.4649905225,1.018314652,1.1485709685,-3.16575397,-0.0722550142222875,0.02941859878075,0.2665414590515,16.0198153875,0.241974584825
2,0.61859109975,0.27122287745,0.2728145215,0.96499466475,0.1578588361,5.3733540638525,4.0378250479575,-0.00205218714855,0.9624912665,1.484617434,1.09238422475,1.1271046955,-2.285681755,-0.69753559175,0.02723855044475,0.6024371794,17.259541055,0.7175781682
3,0.82883952725,0.096418476711175,0.2796603665,0.94774746975,0.15260332735,5.4549162854825,4.0441515768,-0.00209022555255,0.50800212485,0.797328169,0.71726634885,1.96614584675,-2.0454496975,-1.32376232625,0.0053555428243825,0.02840758205320425,12.9752571225,0.174073297125
4,0.6308020385,0.01738088827291955,0.5767031385,0.08528855107188088,0.306511915,-3.54207749406,4.9559613275,-0.118694977875,0.398204479725,1.1532734595,1.27042971825,2.82674618225,-4.110871265,-2.2356047550000002,0.0299527370575,0.4184825667,16.534161165,0.7971577757
5,0.08034551331925,0.5412656986879,0.12988233094492865,0.015977198795335337,0.300094427975,-6.79085607375,5.420249715,-0.045840811491025,0.600661162,0.8208564645,1.05879791325,3.280334429,-1.9195771925,-0.4922331835,0.0131974307507,0.73470717675,16.11361561,0.182851463575
6,0.20445715911875,0.327767075846675,0.12305279368049625,0.458848430853225,0.3687545021,-4.3428930195,2.39382578825,-0.00953559857087975,1.0826165355,0.591377716525,1.246084395075,1.09197818425,-2.2364666075,-1.00382255125,0.0176530112732275,0.82233283075,15.85206532,0.28634366555
7,0.18153467781645,0.3787386730435,0.24244897241854427,0.4755807584562678,0.452833172475,5.565655693025,4.0581429557575,-0.00324298421465,0.25307670255,0.3394183502,1.454432317,4.11970419075,-1.47092131875,0.645570292,0.0030268521145405,0.45008215025,12.827149385,0.133467078375
8,0.61520676075,0.0269539921373875,0.330194832,0.06827728437316576,0.28979304475,5.667983702346925,4.0455383795,-0.002304894315625,0.9835472045,1.2732258255,0.7564420735,1.1155625305,-2.079045735,-1.18210770825,0.002519654846094,0.786000032,12.68847188,0.134212000375
9,0.86824571525,0.0947779968875,0.64295829725,0.4696884347348105,0.2599402035,-7.6800787975,3.2217096225,0.01547844288935,0.72834374675,0.85705342725,1.4329465005,3.34216088025,-2.90883384,-0.175849459584215,0.00984929770892625,0.3458045341975,13.7685354425,0.3080671719
10,0.5328665964,0.2936578509612225,0.03155035513771388,0.980316815,0.38244608675,-1.6231505022895,0.946260740275,0.0020856139754975,1.04462021325,1.192923046,0.9134039995,1.2766101605,-0.94623320525,0.261787331475,0.0032451426673375,0.1054533969907,13.3095641025,0.1123342228
11,0.63764166375,0.00698719993243135,0.33145625675,0.801410847025,0.1326629502,-1.64898058644125,4.8232587325,-0.12811447795,0.55622712425,1.188919509,1.12720924725,1.715696596,-2.77154155,0.49472316975,0.0233491606745,0.9967995535,23.23916982,0.35775561555
12,0.252558353475,0.30635650905193523,0.008254607236941642,0.7793335946,0.375245080475,-1.7819391722905,1.52182361925,-0.018120561805625,0.40200597725,0.4782540964,0.94733289475,2.307078696,-1.36806587525,0.269670655325,0.00455918147119365,0.2553294103125,12.7794223225,0.205163578325
13,0.57721565175,0.0500690690699,0.19835735355,0.799762787,0.18496245875,-0.174153808605,3.04970186725,-0.08156836589175,0.837941943,0.8578331095,1.358489158,2.33825226275,-1.93852215,-1.47040396225,0.06815323066,0.63449121335,16.73419358,0.2173341831
14,0.74739410325,0.27773886590334573,0.006234108097927374,0.89362832025,0.322897684,5.586202363722,4.050838516975,-0.00354266449245,0.5848010765,1.17728508475,1.34463250825,5.28260661,-1.35273192625,0.24635346867,0.0344434255775,0.2676305716585,29.26400629,0.329511956075
15,0.15450186175,0.30524672392823854,0.0711613692505585,0.081497274294,0.2548970088,5.388009397842,4.0545043544,-0.004372721667375,0.847160504,1.22577365925,1.736221394,2.90997246525,-1.689568365,-0.58044189725,0.0669269881925,0.79487154975,13.9853592,0.38028736575
16,0.866164719,0.57224966,0.65866984225,0.8838476222365,0.35638669325,5.5910433071745,4.077039711025,-0.0038612339836675,0.482564002675,1.5750022235,1.2765002095,1.79001937675,-2.480466865,-2.8571443975,0.01098727914175,0.3831393804,14.341145145,0.215064655425
17,0.2300637253,0.08636838811928213,0.03888865364437696,0.0627566305425,0.293627319,-5.83855088,3.2289568975,-0.0690541444025,1.22240195725,1.552198856,0.82967785475,1.48781615925,-3.7324947125,-0.19188263115325,0.0514594779335,0.51205319775,14.099657275,0.21149018625
18,0.580211964125,0.555652497069275,0.1210943316819915,0.029697806365602274,0.43520876225,5.299768046105,4.0576370357975,-0.0032912905079825,0.467540072975,0.601582798425,0.602378334675,2.81239398775,-1.97119362,0.614216258,0.0025866904175526,0.74524928525,12.931885315,0.15567637485
19,0.94205754025,0.5223892935,0.760657714,0.9575625675,0.2463805455,0.63429545253275,2.7661361015,-0.036189012845575,1.079004324,0.61769375675,1.004511327725,1.6596471915,-1.8762185875,-0.73492912875,0.0581961367225,0.8349246,20.783377525,0.164675786725
20,0.367348612725,0.53602410175,0.273146636675,0.6668099367575,0.2135686678,0.652598103215,2.513255830175,-0.02065214525785,0.73480504425,0.628056823825,1.054193228525,1.2179515845,-1.5305299225,-0.3047134135,0.0044495497670227,0.202846437910175,14.54770367,0.101713264925
21,0.84630401925,0.5114269925,0.91323318425,0.33757140312006,0.320360321,5.564189744398,4.07848127875,-0.002802098149025,1.37888680375,0.97001185225,1.4507006565,1.8169894435,-2.5802451075,-0.918490699,0.008484259901745,0.31976053693,13.1118565275,0.189715535
22,0.018452313083039563,0.5955991135,0.670209254,0.5835200192247106,0.2278086322,-10.1624464325,4.93050493,-0.039331045147475,0.67011072725,1.43239303225,1.851772708,1.518561819,-0.78457281475,-0.757702874875,0.0049489973493025,0.59468878825,13.21823545,0.129089694725
23,0.47561803875,0.56099675125,0.55328681675,0.1885038701575,0.208261594125,6.1809965275,1.29699888265,-0.148864791275,0.46243381755,0.94633651025,0.76804410575,1.96653578675,-2.7943475275,0.0899289763897,0.025315641791,0.165573617174425,18.1024354375,0.247199564
24,0.1043131945726075,0.33913276275555,0.10879676747202266,0.7485675038489993,0.39079796515,-10.50184634,3.4749811675,-0.0063815589695675,1.139226283,1.41900979625,1.2258850425,1.06703405275,-2.442490805,-2.2059390885,0.01155184840488,0.91848738175,18.4723701125,0.13522388735
25,0.65585235475,0.3094804408307878,0.008585556745830157,0.95739028225,0.22956980725,5.5212292035225,4.063898411275,-0.004387810323335,0.293746776175,1.533475023,0.86943868525,2.14349987025,-3.807291585,-2.83112286,0.015686227968055,0.1604884869925,18.27343914,0.934509778375
26,0.75125277225,0.1507586570775,0.216109024875,0.971040991,0.1992955315,-4.189916615925,3.3438206225,-0.01831294109749,0.8720827345,1.0379572595,0.9086838495,4.61656262125,-2.1984134625,-1.36755032,0.04342344148,-0.119661263577038,39.0982730675,0.282687803075
27,0.5560055895,0.654817960875,0.4231102505,0.43729754,0.2654768325,5.456899970635,4.0614633834525,-0.0054222769305,1.26824758325,1.013273383225,0.599047430125,1.136239403,-0.799656824,0.043457105343575,0.004269536428892025,0.720846949,13.0702937175,0.16011299595
28,0.60955034875,0.15368363580942573,0.03448756181288864,0.975835112,0.2455294075,-4.9219203405,5.2060376,-0.0312533136061775,0.293228185875,0.857976099,1.015766169,4.16782937375,-2.6708310575,0.206055204234,0.026560337881025,-0.0230063246595,18.238140005,0.533820619875
29,0.02375120818743525,0.47044184025,0.742071995,0.5046242937221194,0.19579553925,-7.14051950825,4.906367855,-0.05694674894175,0.70468414475,1.2783499125,0.749923364,3.47276210675,-4.0353577375,0.64730060225,0.0066056833757215,0.735511404,13.706884025,0.17672471685
30,0.600262133,0.42185420058641176,0.1039557801985725,0.80769754575,0.3086068745,5.52442345001425,4.074981659,-0.00379859812415,0.252578553925,0.57692408175,1.658398958,4.55563134125,-1.8843043675,-0.13741889957475,0.00537990084793015,1.403802088,12.3990806775,0.14137741185
31,0.6576082335,0.29411565696938,0.016402643990644984,0.973616918,0.452555707,2.6125089330425,4.061992464725,-0.0561463325299125,1.32454569625,1.5643282375,1.64852858625,2.0942852025,-2.28020013,-2.06388527525,0.013557367161555,0.160042787647325,17.910419035,0.2697129873
32,0.801839578,0.40811024115,0.39782895925,0.962769031,0.33434720375,5.5102021302875,4.058581144695,-0.004844699757275,0.3366035526975,1.16957778325,0.66833934425,4.6873386205,-2.5187401425,-0.01965327549385,0.005535479117205275,0.1479055419695925,13.047867725,0.2458162954
33,0.06381359597740675,0.4881909085,0.711967666,0.5785023251223019,0.2094414569,5.170197779525,2.034320537,-0.1674113533,0.419366755525,1.30254877175,0.92142912425,1.53448272575,-1.819193325,0.252624052765,0.0155344909880725,-1.1030801465,23.2244881775,0.205253153475
34,0.85268208575,0.083742922925,0.4422045045,0.91874433475,0.117958599025,-13.1287969425,5.588823255,-0.01329562192465,1.094123369,1.26557443,1.3567030275,3.17039867025,-5.03905546,0.107513943261475,0.04348586904,0.608189588575,21.2661337725,0.3532499528
35,0.27522158945,0.22628147881907076,0.009724296941196824,0.587356047,0.234369949075,-4.64534402975,2.56358568875,-0.0710074857475,0.504962018375,1.3200310035,1.1137001345,2.06898608325,-1.46877742425,-1.431918563,0.05623210511,0.11878686508275,16.614883585,0.5619365725
36,0.05619914289929325,0.62065845475,0.685196714,0.4720362052916606,0.260041065675,5.5042874494875,4.08295322135,-0.003648430817005,0.716553879975,1.44185934225,0.42593852815,1.970804284,-1.784784665,0.326034299775,0.018480485661575,0.488704072775,15.1840093475,0.16948180345
37,0.686347781,2.827422002968275e-4,0.529690705,0.3083293653,0.25973963925,-4.726779983,2.7913939875,-0.0179000961252475,0.6345230285,1.104157659,0.261839497825,3.37610612975,-2.346292015,-0.40484147887,0.023360765243255,0.265280952063,15.2856574675,0.197227025425
38,0.104615168040425,0.4986195775,0.568440399125,0.845359274345125,0.25256065735,-8.726325445,4.1090300725,-0.10463813815,0.92446867325,0.9534361895,0.86997771425,4.43141983225,-2.17317088,-1.66138841375,0.004849769863778,0.110733252974675,13.6422697825,0.1626291251
39,0.8729760545,0.287522233872875,0.015920138863433714,0.98043440075,0.32003188725,5.477652105185,4.041097257635,-0.003075337374365,1.275762611,1.296406834,0.691690687,1.24147622775,-0.92014257125,0.47094935025,0.005023741134673,0.045752879543825,13.48297713,0.14600314945
40,0.0951725510425,0.55930389225,0.67554411825,0.03204063108231828,0.174428559025,-4.0717635840725,4.332906585,-0.046039820344625,0.320746463875,1.23076778775,1.751590181,4.32857974875,-1.4966914,-1.20006954725,0.00413553051169375,0.6913121105,12.963202115,0.155770616225
41,0.47842394575,0.40470291444625,0.1204100725,0.392246871,0.2098781725,5.38151590935,4.0569629465175,-0.0038998875235475,1.353555328,1.03074068875,1.26415451475,1.50955065725,-1.6395962925,-0.06871369738425,0.04111319851225,0.74276155375,14.5392962075,0.40835653895
42,0.32871107395,0.11533544736592088,0.056233907526797834,0.190163210025,0.300987516325,1.23592336846325,3.99662102925,-0.035061874611025,0.87289798775,1.0391868175,1.176697128,2.1734029555,-0.759606323,0.0122410617501725,0.004790100090773189,1.32490919375,14.64532094,0.1493061187
43,0.6103202895,0.25333746225,0.4615377045,0.251650296175,0.123585051425,-8.6123202225,4.11787809,-0.0763782765895,0.764110468,0.836323129,1.601096071,2.8296276715,-2.8418619425,0.42255887375,0.00379225560343115,-0.498072859375,13.01193074,0.17466541175
44,0.60300942265,0.40645318498235,0.08554521230100035,0.40455213625,0.481044691425,5.360643100695,4.063141042355,-0.002735680413125,0.6261542264,1.069624892,1.238363164,1.94124117,-1.1833709725,0.07915728386827,0.0053841106745535,-0.05962665017095,13.469873245,0.135969018075
45,0.887130641,0.062955648565,0.3295668105,0.9370203485,0.233288168,-6.20524829525,4.8381460575,0.0101513085849075,1.19677228825,0.92069860975,1.558859771,5.292181479,-2.31114353,-0.9542210735,0.04169477877,1.111911411,24.3070054225,0.2567919271
46,0.036072666586585,0.509530862,0.626371392125,0.5211172157909214,0.322618086425,2.5667370275,2.0455112315,-0.1278428027,0.6428494968,0.98797355025,0.9687868115,1.49924014525,-1.68370311,-2.1459549425,0.03673677677,0.1598624234536525,16.9437836125,0.21217309365
47,0.283845121625,0.3597519568,0.532122324575,0.23903175761278875,0.278411064725,-6.45410952,3.7844646650000002,-0.0211564290821475,0.92091753725,1.01895582525,0.99986184875,3.00851419575,-1.39900605325,-0.310015028295,0.01497001166442,0.536763333,15.6255530675,0.376152356225
48,0.591394553375,0.25131926287412,0.022830684167585606,0.98156213175,0.5471359469,-9.2319122275,4.568420005,-0.006423241099615,0.825264014,1.22293969475,1.482531214,3.0520979435,-1.8510247125,-2.331675176,0.01657368923663,0.605570862825,16.0728372825,0.893736424225
49,0.3153780026,0.15887405212806746,0.0417503945182122,0.96413060575,0.150544734625,-6.4923008005,5.6658306375,-0.02657538698275,0.96844916325,1.33987059125,0.84693825525,4.00041430575,-1.4863057325,-0.1750545720039,0.0303738282905,0.15672798336275,16.8957183175,0.185798240425
50,0.47309997360625,0.3774909550754595,0.35038202818624925,0.12133340793585445,0.586061801925,-1.16225640463975,4.12561081575,-0.026597448201875,0.7942243175,0.55040617375,1.1095020971,3.212910787,-2.0499656225,-1.804695042,0.008104140638391,0.14271865225475,14.42004001,0.281857258475
51,0.7028177505,0.3130203569247025,0.05527918676316193,0.71124944,0.3677424285,-5.0616553915,3.8357189075,-0.0180627180496075,0.77361627,1.25374737675,1.6418325665,4.690408048,-2.600579405,0.18970004277875,0.00296791259305825,0.60108785675,13.1755664425,0.22518765195
52,0.36015699665,0.2362034093843025,0.01625315613102455,0.96211631225,0.44540657985,-9.995337195,3.9119677725,0.00298258246465,1.11625127125,1.3487848005,0.8494857305,2.9186837605,-4.095897805,-0.1814875270439,0.016783001518800002,-0.09079065634,26.16796367,0.2423422926
53,0.017989071565445,0.57764782075,0.619009815475,0.6425478763875604,0.287111637025,5.509630538885,4.0356059194825,-0.0041451883800249995,1.12176706015,1.4942335805,0.75360099675,0.833458552,-0.969269959,0.2290565525675,0.002455423517389,0.633160892,12.7448266875,0.178276001875
54,0.32599985575,0.129693767465633,0.029811919035396837,0.37456809275,0.20634027935,-12.3913170825,3.7038977775,-0.001358200446435,1.06025084575,1.339240822,1.23710040475,1.35722672125,-1.10003043825,0.62897633275,0.0044026306058208,0.48383722715,13.4601815,0.15430540905
55,0.66846150975,0.024642355734978,0.2140532442,0.952730322,0.24889273625,5.5193784520175,4.035305354715,-0.0046782629797875,0.585102619575,1.44940462575,0.58527038475,3.0284997795,-2.2052631775,-0.92544773925,0.00647920720007825,0.323397200398,14.9178339525,0.6789947657
56,0.7326144555,0.054257948865,0.225117627,0.77854668125,0.1368981305,5.5197960248425,4.0891253834,-0.00328982656775,1.150935929,1.25144634775,0.94647569775,1.9223325425,-2.9512649,-0.40040314681525,0.0540230526975,0.348978855838,17.5798004625,0.2511286529
57,0.2424397070775,0.2576579015321698,0.0868493021902723,0.35979387341779,0.38225371755,-4.85521938,1.89589085025,-1.1869202997750001e-4,0.81373198375,0.9042441835,1.813353612,2.808026829,-0.743345607,-0.54970072785,0.044205582089025,0.0271348404248,14.2348439975,0.681395267
58,0.6947927895,0.093548822818775,0.177332656325,0.5912345485,0.31892956425,-7.9515024075,3.9719756999999998,-0.024144763320445,0.91177188525,1.17623650125,1.12069107,2.26478702,-1.70570021,-1.17159881575,0.008058674146293875,0.4157888741325,14.2834671575,0.7095329995
59,0.853191927,0.060250604025,0.33776309,0.9420793165,0.077061065525,5.44640528125125,4.040742377825,-0.0038060478182825,0.976432232,1.054164342,1.0326751695,4.6331599455,-2.6006702925,-1.32103583725,0.00348739417046725,1.01572570175,12.7494443525,0.276444543125
60,0.82313329725,0.0628290300485855,0.232381390725,0.9473945785,0.193128555025,5.462344609351,4.06158589655,-0.0043217443098,0.799674121125,1.40932458375,1.292023043,1.20701504325,-2.7392372575,0.3369941622325,0.0061806425858573,1.715023535,16.0558608725,0.1532088876
61,0.7133488235,0.1324832789515573,0.12087647107956997,0.86666003975,0.46777398,-2.717840155915,3.5199000475,-0.16838238985,1.00529860125,1.379189432,1.74851257775,2.47296275475,-4.7349806275,-1.48094858675,0.01509192462135,-0.0208854286721725,21.3296034775,0.278787054025
62,0.023982994076074276,0.4310488745,0.65452088325,0.6253158195914322,0.24391807515,-3.3972804982025,3.35604768,-0.107234550225,0.86286605335,1.27608114775,0.98362887975,1.214776698,-0.41950372425,-0.298292214775,0.0093583474745875,0.482407022525,14.97329285,0.2048103599
63,0.279697066825,0.06878707463025,0.112608099475,0.9261198845,0.201958633625,-0.2847481171385,2.62237518375,-0.046092429423,0.766010119,0.78262775175,2.06788234975,4.5954811425,-2.0643089225,0.15367565338125,0.034764350994,0.04744023054925,18.50068936,0.536219176075
64,0.65583991425,0.1641702921,0.769935885,0.53014569008475,0.30996195075,5.419938471335,4.06676048305,-0.00488127193235,0.94472322075,0.85140796525,2.0574636245,2.299241252,-1.8352406325,-1.3243163775,0.03136727413275,0.38409045149775,15.878619665,0.4191022683
65,0.26174840602,0.2812846316391115,0.039210642041992004,0.929881357308,0.406260130275,4.4127733280825,2.2340985704825,-0.05338140467325,0.54259907685,1.070372953,0.61199210375,2.75167081325,-2.68997729,-0.2249635720005,0.00284709354783077,1.2419141525,13.159475015,0.196174287225
66,0.62829548725,0.14778528195,0.32983235175,0.936936945,0.201288371825,-4.122677991725,3.983927981,-0.014754064211725,0.90693520825,1.30946923075,0.97099536775,2.40605294525,-3.90661533,-0.633713663,0.00571498170252975,0.526658338,13.66117137,0.17503087445
67,0.48743817575,0.239340960048543,0.0073040189498751245,0.97850979025,0.266313075025,5.611624167375,4.0294833195775,-0.0026738318625875,1.195216395,0.503020120575,1.7348872125,2.22562034225,-1.8359585625,-2.2847527605,0.021965595783725,0.36370502850875,14.5808172475,0.3010088822
68,0.510983083375,0.3417600658236252,0.04374372413473553,0.508051376475,0.39887077875,5.50654560488175,4.058252623785,-0.0035844490844,1.0984366465,0.8830709175,1.86373485475,2.62537452425,-2.75925879,-0.478148063825,0.00327355500391275,0.49948039225,12.9531566375,0.126462384325
69,0.93094723325,0.3532872375,0.74589089775,0.507025438425,0.26130502475,-1.5931913249545,4.4720771875,-0.0897835209075,0.2583364906,1.4698964665,1.29446144,2.506376941,-4.04985259,-0.41797025860525,0.035343761625,0.62388964825,18.5045588075,0.260330395275
70,0.4680628535,0.006536915702728317,0.23750810905,0.8519218185,0.259676417,-5.42825668675,2.56997447775,-0.007607719088975,0.295071483005,0.32891034145,2.50957162275,3.5595628715,-2.536362955,-0.402411827525,0.015879264536663,0.806069998,13.409547315,0.5426210432
71,0.80981872175,0.274996228775,0.37181078575,0.915759246,0.112109851275,3.6561687713825,1.808632784,-0.112688834125,0.826127077275,1.1327204665,0.837214256,1.5009222255,-3.093319895,-0.97495049175,0.019588773720475,0.48206382845,15.7848587225,0.404466408025
72,0.439190757,0.72342239075,0.83933098175,0.4399510385,0.28665285105,5.514534212438,4.0542416859775,-0.0034152971691575,1.27034214375,0.93917261975,0.650498213825,2.30206237775,-1.18927246275,-1.01372059625,0.002974129552506,-0.073859934459875,12.941340465,0.142450638425
73,0.255772989425,0.4585114768525,0.4375680069119575,0.07707990241619883,0.367917141575,-6.138776559,5.80214572,-0.040281225351175,0.87900957075,1.0295177745,1.069837128,3.25632378575,-1.23747519775,-0.43840282535,0.0332125946325,0.30466348764575,30.2434430875,0.5468088138
74,0.70777771525,0.08638938442605625,0.08284897216176874,0.979699007,0.310482616,1.82491526468335,2.20709854025,-0.102049094875,0.81023639225,1.3446583765,1.36354248,1.9254095785,-1.6086475075,-0.7911402585,0.066880797011,0.41973095152,11.511897515,0.470301240075
75,0.585057677,0.4970029936925,0.08749435664,0.058989569725,0.2319294465,5.49655299128,4.048501164925,-0.00257832374381,1.49900949025,0.332870106225,1.7801128215,2.610366939,-4.5420951675,-0.85123752125,0.10646764399,0.288194061540125,14.7544449825,0.3614182177
76,0.85173698125,0.6757999245,0.6942079336,0.9589309545,0.47154950125,5.42923461400275,4.06797625091,-0.0047715482784225,0.88095014975,1.14874212525,0.9391057995,2.0926867835,-2.0017984425,-0.7211657795,0.0056004573856595,0.2841923442325,13.2477486825,0.14727514315
77,0.33485003625,0.140764328875,0.53682955775,0.59583871575,0.08609758265,-3.2893037969475,3.539676251,-0.009014723088745,0.3732481826675,0.80521276825,0.489014881,4.880657787,-1.59045988,-0.76816007525,0.05182896634725,0.8684657145,19.4651615425,0.29049314415
78,0.33610926525,0.409981225,0.16579551255,0.95137784,0.085239670875,5.5123072354425,4.0531877086425,-0.0031763619949075,0.8519773765,0.92527024425,1.087878653,3.582903327,-2.8023034925,-2.79491029,0.014734153943707499,0.5663508173,14.32958086,0.672409976275
79,0.7598563195,0.19599753365775,0.10512190188699375,0.89196563275,0.31241445725,5.48185437901,4.050035965446875,-0.003560328771,0.85278862,0.891747848,0.825601141,1.9786673765,-1.47905289175,-0.31834416195,0.03149549592829225,0.3879069652525,13.9986242325,0.4840497844
80,0.65478350525,0.2724128377961297,0.13579190411,0.561998751775,0.2464293895,5.4301298380925,4.049524023755,-0.005572555966525,0.3161376758,1.109875738,0.7004966685,2.233043358,-1.46251567075,-0.767673866,0.00467400963085525,0.056970912860275,13.5742285525,0.177658669825
81,0.91787856175,0.27551413027621224,0.044594538557989116,0.969247139,0.4218039475,5.34773084162,4.0576575275325,-0.0020928494997925,0.910311817,1.0798069175,0.61125585425,2.166299644,-1.35006936975,-0.5013874903,0.0054189332715247,0.772003859,13.7151000575,0.13937505065
82,0.007439833155931925,0.68238523925,0.7845641038,0.6701440903080259,0.12379949421,2.8709513980075,4.027451484975,-0.060512536644825,0.828167016,0.840044375,0.800847931,3.483105766,-1.27407680675,-0.524367571,0.0374244588175,0.569070103275,16.638669855,0.270462788825
83,0.64393628625,0.468369193575,0.2677023784,0.5323614025,0.2201681036,5.37322059042925,4.01600229,-0.00300731428465,0.73285965275,0.98636568475,0.513771138525,3.4633251165,-3.117116135,-0.5136369263,0.045421028715,0.7721721415,23.4732399975,0.228099784725
84,0.707676352,0.2400610994663922,0.023571385060808026,0.94078186475,0.192351127075,-12.982656055,5.615242775,-0.0187634177857675,0.6805594076,1.40286538525,2.119809625,1.65849042725,-2.2162321925,-1.60687441775,0.032964376424625,0.76535900175,19.037629055,0.464713411125
85,0.6901966075,0.078644191414275,0.142763349685,0.75325826575,0.30690196975,-10.4193797575,1.888249715475,0.038652657767025,1.04276578775,1.16848443775,1.98326894975,1.923029759,-2.8320983925,-1.634270657,0.0304733061125,0.8686311225,24.2510863275,0.29310982074999997
86,0.56712082275,0.6083340075,0.78611078425,0.5116430101301129,0.32271780475,-0.2814849156375,1.61174370625,-0.09444425065,0.5371828119,0.83630949325,1.553162283,1.23532807025,-2.3018517025,-0.78709235625,0.0039607677129225,0.27161155581075,12.9101750225,0.144510020975
87,0.0819791240575,0.3308278654345982,0.021613324495120618,0.504252778975,0.103608661875,-8.39851857,6.156492545,-0.0103555731522375,0.97815272375,0.6812126705,1.57190703925,2.51550323425,-1.13159496175,0.269373968225,0.0041417488491785,0.201533335454675,13.27280024,0.112970391675
88,0.38600113275,0.0347127134208375,0.51626141075,0.59313907975,0.34542332925,3.51633627958975,4.56496613525,-0.109642354805,0.434807101025,0.59490415675,0.70864584175,4.44916031925,-2.055246125,-0.3380317063925,0.0439952198127875,0.4195828532275,14.5829847275,0.5305110831
89,0.37645976845,0.491317180275,0.2266291395,0.30198194265,0.194246364125,5.23786891329,4.038141403425,-0.004373002644445,0.847278557,0.91942524725,1.05455982625,3.20115616525,-1.477124017,-0.1372870462495,0.00361714767641325,1.05570972575,13.2042710375,0.1834163246
90,0.201995255275,0.040693181408615456,0.0475330727097605,0.5267453061,0.1906407767,0.49311927555575,1.9755775315025,0.0329586858733,0.57198268525,1.374988453,1.0004560675,1.1930493935,-1.8642826325,-0.0061449321708749996,0.0168335883540975,0.90220876275,17.91692285,0.510676445025
91,0.52365719225,0.295728338875157,0.022872198606059532,0.87905617525,0.28200536975,-13.29469467,5.6353394125,-0.0102231436303375,0.82945248425,0.46088004095,1.00621420775,3.80734725525,-3.0787671025,-0.9335803445,0.047229760975,0.3570933501765,17.971297065,0.182248259925
92,0.04585464867403238,0.66348417325,0.637645306375,0.3104236880427482,0.274648483925,5.42365972725475,4.0404972302225,-0.0042254281998,0.94881131525,1.61154036,1.6080925345,2.24086701975,-1.6451903675,-0.5813235815,0.00507274133279,0.169014034441075,13.68412697,0.137840682975
93,0.6682039805,0.517500227,0.619331290175,0.65972172215,0.4511630173,5.42826088011025,4.03839521545,-0.003684772587925,0.393845403875,1.0466093025,1.86495741525,2.0541358965,-1.8990673375,-0.94598270925,0.01723267485,0.0156725215295,24.81158972,0.485223952625
94,0.2081321334925,0.34154042035460175,0.02729888970734213,0.768429143735,0.343390670825,-2.4227910892925,0.490570780128,-0.01185330286195,0.565634607975,1.40147083,0.89251490675,1.19454830075,-2.22592299,-0.3064437623925,0.020445807188,0.5709179145,16.74389697,0.5541160433
95,0.885745725,0.17243950055842,0.3183507547552,0.95363858625,0.519732921,0.5684129330445,3.0968452945,-0.0785537118175,0.697044541525,0.56061209675,2.46401734025,2.46945730575,-1.16459746225,0.149812443249,0.0023354550604149,0.6422633365,12.6076267725,0.13109787515
96,0.92506059875,0.11124050035,0.220142799675,0.97606147225,0.23837473325,-3.95920621109,4.36023854075,0.0034769943081,0.88604791075,1.00837257175,1.29878125775,3.11792134375,-1.5855675675,-1.157163614,0.00508689690395232,0.188532748604,13.671723465,0.147637250225
97,0.4272872365,0.052628382286325,0.27442061055,0.16955774867175,0.3261049905,5.48976237503,4.0502613808625,-0.00480089483885,1.2599074995,0.880151806,2.0726361555,2.49543947425,-2.25498365,-2.58007804,0.03549583962025,0.793117075,17.01917452,0.496640585125
98,0.1927214415,0.24098531309368668,0.01120627330480426,0.876363912975838,0.32834414615,-13.76307357,5.083850555,0.0127842498659,0.650743069075,1.5096392825,1.46977131,1.69058686825,-2.64304839,-2.539638215,0.0379510682775,1.207353689,33.778667575,0.1968531271
99,0.748995216,0.2424096392369,0.151424455868225,0.97322785875,0.342836808,5.4445165063425,4.0652199929375,-0.004613067404875,0.370179560025,0.9646397825,1.10799388025,1.544518496,-1.269619185,-1.581645053,0.0498310941125,0.220335115085,17.9065976425,0.19415488205
100,0.59938653,0.12582536647044,0.0594771283537685,0.9464454365,0.256638861,5.4186409821325,4.0522825383225,-0.005020570223015,0.92985639175,0.63195024275,2.387635653,3.1398132045,-1.03850497575,-0.886740352,0.00321931095789675,-0.09885410006745,13.19852715,0.1478901143
101,0.05787687234408325,0.499569539135,0.32640897049947,0.4590565696598719,0.4200316079,-3.51417150482825,2.460369168,0.02993281411,1.02688968475,1.34785276125,1.37430361825,2.57093933025,-1.5179461085,-0.78867753175,0.005448307582095,0.144835828344025,14.1148982825,0.167345915
102,0.904443938,0.393197964,0.7568063655,0.934672005125,0.32479659175,5.506893659751875,4.046492703291,-0.002920597514523,0.94828433,1.2387236505,1.36500349325,4.6828362375,-3.351902315,-2.29527518,0.053530863515,0.803797962,14.9931789975,0.2139037455
103,0.804782677,0.226129035525,0.76649480675,0.3565760864,0.17879280405,-2.5731225012025,2.4736409845925,0.048642329272825,1.042597229,0.81828551225,1.631836615,2.1361094195,-1.720245405,-1.10264421225,0.0648492937025,0.133151072104575,17.291902675,0.176031070375
104,0.6112530995,0.278000405575,0.78869481375,0.94823339025,0.41185673275,-11.27064606475,1.3628227568145,-0.05601075638885,1.0451637525,1.04103296525,1.22230746625,1.9033864055,-1.77382886,0.0821038344973,0.017923346902395,0.56886695675,15.64668248,0.39572648155
105,0.02142872092790445,0.49605736546,0.4122421620225,0.7009964947010334,0.35991670625,5.4148084572725,4.01109772995,-0.002540567576185,1.41412401775,1.29219277125,1.5615299755,2.1355121925,-3.8650284725,-3.1084863525,0.014066170819095,-1.13822928525,22.515190475,0.200863520125
106,0.400888518025,0.2371669535906996,0.016857387404394034,0.929207613,0.154593205075,-11.44479698425,1.417843473285,-0.053843376445425,1.072307538,1.066768894,1.172942176,4.14118954125,-3.6117886725,-2.523362735,0.03582467603375,0.24408907749665,16.0414319575,0.395600542575
107,0.78206335525,0.22081987725,0.2569686325,0.94217072625,0.162215151375,0.05305585987145,3.7147448175,-0.0922948755,1.080855339,1.11261687925,1.110409512,4.109585564,-1.9713753425,0.0551074834197,0.03458467519025,0.4630988829925,19.5078107,0.44259553295
108,0.082255413073,0.64024046775,0.73697398125,0.06700159594972989,0.25001709195,-7.6509171,2.69571482,-0.00419096578655,0.60106695095,0.93335232225,0.92787659175,1.88612085775,-1.32104096775,-0.99762912,0.0061870010699575,1.33030054775,14.2110379825,0.16452643175
109,0.324781596775,0.2649849283315959,0.0066828728098315675,0.445919245775,0.316357060675,5.4196870038825,4.031575889725,-0.0056294891094,1.197924277,1.0891272245,1.6075493695,2.415541499,-1.8570379925,-0.80247241425,0.04074212809775,0.705909376,17.8346825775,0.34539753695000003
110,0.03850602910832,0.1579922148525,0.30930922507624997,0.6081032146440313,0.399886633025,-1.60847508554225,3.8159868525,-0.07981088387,1.2568119515,1.39514598725,0.89874625425,1.67056231875,-1.68284991,-0.86671881625,0.01643189267794,0.81135700125,14.3593938275,0.561506278775
111,0.5452118638,0.35825695876872765,0.052431117599818396,0.42633846215,0.44245943725,-5.0527617485,2.325255363,0.0094685608386,1.26076794775,1.08822551425,0.72339805715,1.4357401655,-0.959751596,-0.121749707904825,0.00610662289290875,-0.1411107314064,15.042706635,0.112120287725
112,0.1736715225,0.29276853496803323,0.003510369382025219,0.12732770869750001,0.268585229225,-3.56113092855,1.2719270975,-0.023880692377875,1.24786010125,1.3181783695,0.790258386,1.8526036722499999,-1.1131950645,-0.435176470371,0.006117759601801,1.7898568425,15.263495025,0.1665042076
113,0.58667401925,0.005975054584178952,0.094426969525,0.95710512225,0.149989441375,-6.20014431525,1.942280072,-0.033325076777475,1.1176875235,1.2468392795,1.21419877425,3.03927460675,-1.7312792275,-0.17966098231725,0.02634747980375,0.3558191146145,19.1307178025,0.27654823735
114,0.3079426479,0.23000010192757145,0.04891453537096908,0.939890278,0.380103206325,5.323511562225,4.0665169223925,-0.00382389866945,0.714593845,1.331135092,0.7478851185,3.044187309,-2.2998483975,0.1239295729701125,0.056013730681,0.38706672255725,16.3105761075,0.501635673375
115,0.0999820804679,0.3711532929480701,0.015982373739369088,0.756598506842894,0.373400852125,5.5670369620275,4.088475236965,-0.00359118371436,0.521006564825,1.5854998155,1.09507273125,2.1896558115,-1.2441298775,-0.3256978572825,0.0031204851547535,0.13075236831315,12.8037890925,0.175223288825
